"","Strain","Rep","Position","Temperature","Date","ConcCellmL"
"1",371,1,1,6.8,"9/21/20",28.2485875706215
"2",371,2,1,6.8,"9/21/20",28.2485875706215
"3",371,3,1,6.8,"9/21/20",28.2485875706215
"4",371,1,3,9.5,"9/21/20",28.2485875706215
"5",371,2,3,9.5,"9/21/20",28.2485875706215
"6",371,3,3,9.5,"9/21/20",28.2485875706215
"7",371,1,1,6.8,"9/23/20",0
"8",371,2,1,6.8,"9/23/20",56.4971751412429
"9",371,3,1,6.8,"9/23/20",112.994350282486
"10",371,1,3,9.5,"9/23/20",3107.34463276836
"11",371,2,3,9.5,"9/23/20",536.723163841808
"12",371,3,3,9.5,"9/23/20",480.225988700565
"13",371,1,1,6.8,"9/27/20",197.74011299435
"14",371,2,1,6.8,"9/27/20",254.237288135593
"15",371,3,1,6.8,"9/27/20",225.988700564972
"16",371,1,3,9.5,"9/27/20",1045.19774011299
"17",371,2,3,9.5,"9/27/20",593.220338983051
"18",371,3,3,9.5,"9/27/20",564.971751412429
"19",371,1,7,15,"9/29/20",407826.520438684
"20",371,2,7,15,"9/29/20",301099.404489235
"21",371,3,7,15,"9/29/20",265786.361844698
"22",371,1,9,17.5,"9/29/20",357627.118644068
"23",371,2,9,17.5,"9/29/20",273075.060532688
"24",371,3,9,17.5,"9/29/20",322342.064714946
"25",371,1,5,12,"9/22/20",7033.89830508475
"26",371,2,5,12,"9/22/20",6836.1581920904
"27",371,3,5,12,"9/22/20",22780.8101120368
"28",371,1,9,17.5,"9/22/20",40310.7344632768
"29",371,2,9,17.5,"9/22/20",39322.0338983051
"30",371,3,9,17.5,"9/22/20",40056.4971751412
"31",371,1,11,19.6,"9/22/20",44381.6698053986
"32",371,3,11,19.6,"9/22/20",37010.7858243451
"33",371,1,13,21.9,"9/22/20",44519.7740112994
"34",371,2,13,21.9,"9/22/20",34519.7740112994
"35",371,3,13,21.9,"9/22/20",43700.5649717514
"36",371,1,15,23.8,"9/22/20",48389.8305084746
"37",371,2,15,23.8,"9/22/20",49576.2711864407
"38",371,3,15,23.8,"9/22/20",40084.7457627119
"39",371,1,17,25.7,"9/22/20",17514.1242937853
"40",371,2,17,25.7,"9/22/20",16779.6610169492
"41",371,3,17,25.7,"9/22/20",21864.406779661
"42",371,2,11,19.6,"9/22/20",32307.1601521965
"43",371,1,5,12,"9/23/20",36995.9088252484
"44",371,3,5,12,"9/23/20",34225.3939934582
"45",371,1,7,15,"9/23/20",66888.6198547216
"46",371,2,7,15,"9/23/20",70183.3275683155
"47",371,3,7,15,"9/23/20",30621.4689265537
"48",371,1,9,17.5,"9/23/20",104096.04519774
"49",371,2,9,17.5,"9/23/20",100932.203389831
"50",371,3,9,17.5,"9/23/20",125028.248587571
"51",371,1,13,21.9,"9/23/20",201355.93220339
"52",371,2,13,21.9,"9/23/20",126186.440677966
"53",371,3,13,21.9,"9/23/20",195423.728813559
"54",371,1,15,23.8,"9/23/20",199632.768361582
"55",371,2,15,23.8,"9/23/20",199080.723929905
"56",371,3,15,23.8,"9/23/20",188340.151957919
"57",371,1,17,25.7,"9/23/20",73024.9928181557
"58",371,2,17,25.7,"9/23/20",53276.8361581921
"59",371,3,17,25.7,"9/23/20",64579.1439241597
"60",371,1,11,19.6,"9/23/20",132372.881355932
"61",371,3,11,19.6,"9/23/20",112983.050847458
"62",371,2,5,12,"9/23/20",38537.0205173952
"63",371,2,11,19.6,"9/23/20",46398.3050847458
"64",371,1,5,12,"9/24/20",27598.8700564972
"65",371,2,5,12,"9/24/20",58349.0269930948
"66",371,3,5,12,"9/24/20",65400.3506721216
"67",371,1,7,15,"9/24/20",130779.661016949
"68",371,2,7,15,"9/24/20",119559.322033898
"69",371,3,7,15,"9/24/20",69836.2539500144
"70",371,1,9,17.5,"9/24/20",240385.739333723
"71",371,2,9,17.5,"9/24/20",219621.903520209
"72",371,3,9,17.5,"9/24/20",246316.818774446
"73",371,1,11,19.6,"9/24/20",234990.583804143
"74",371,2,11,19.6,"9/24/20",111457.627118644
"75",371,3,11,19.6,"9/24/20",239314.664701548
"76",371,1,13,21.9,"9/24/20",361238.025055269
"77",371,2,13,21.9,"9/24/20",245958.279009126
"78",371,3,13,21.9,"9/24/20",303209.520375045
"79",371,1,15,23.8,"9/24/20",395652.173913044
"80",371,2,15,23.8,"9/24/20",342625.315542734
"81",371,3,15,23.8,"9/24/20",445841.545132046
"82",371,1,17,25.7,"9/24/20",124722.384570427
"83",371,2,17,25.7,"9/24/20",125102.27936879
"84",371,3,17,25.7,"9/24/20",145605.775266792
"85",371,1,7,15,"9/25/20",187340.020754064
"86",371,2,7,15,"9/25/20",195946.941783346
"87",371,3,7,15,"9/25/20",138377.723970944
"88",371,1,9,17.5,"9/25/20",349404.976559683
"89",371,2,9,17.5,"9/25/20",444955.609362389
"90",371,3,9,17.5,"9/25/20",329044.68412943
"91",371,1,5,12,"9/25/20",27146.4295637677
"92",371,2,5,12,"9/25/20",113170.903954802
"93",371,3,5,12,"9/25/20",94219.1283292978
"94",371,1,11,19.6,"9/25/20",305208.763952046
"95",371,2,11,19.6,"9/25/20",198203.389830508
"96",371,1,13,21.9,"9/25/20",364322.033898305
"97",371,2,13,21.9,"9/25/20",324348.904505994
"98",371,3,13,21.9,"9/25/20",353983.050847458
"99",371,1,15,23.8,"9/25/20",395328.648201736
"100",371,2,15,23.8,"9/25/20",384704.42331542
"101",371,3,15,23.8,"9/25/20",463667.970447631
"102",371,1,19,28,"9/25/20",16271.186440678
"103",371,2,19,28,"9/25/20",12090.395480226
"104",371,3,19,28,"9/25/20",10367.2316384181
"105",371,1,5,12,"9/26/20",26836.1581920904
"106",371,2,5,12,"9/26/20",157338.622430581
"107",371,3,5,12,"9/26/20",122641.509433962
"108",371,1,7,15,"9/26/20",311016.949152542
"109",371,2,7,15,"9/26/20",274051.654560129
"110",371,3,7,15,"9/26/20",216018.610834164
"111",371,1,9,17.5,"9/26/20",469444.444444444
"112",371,2,9,17.5,"9/26/20",457344.632768362
"113",371,3,9,17.5,"9/26/20",365277.141548328
"114",371,1,11,19.6,"9/26/20",308108.108108108
"115",371,2,11,19.6,"9/26/20",295480.225988701
"116",371,3,11,19.6,"9/26/20",323550.401427297
"117",371,1,13,21.9,"9/26/20",375496.368038741
"118",371,2,13,21.9,"9/26/20",333944.113605131
"119",371,3,13,21.9,"9/26/20",335451.97740113
"120",371,1,15,23.8,"9/26/20",370087.036188731
"121",371,2,15,23.8,"9/26/20",375706.214689266
"122",371,3,15,23.8,"9/26/20",494479.418886199
"123",371,1,17,25.7,"9/26/20",266987.673343606
"124",371,2,17,25.7,"9/26/20",264105.461393597
"125",371,3,17,25.7,"9/26/20",279306.267244777
"126",371,1,19,28,"9/26/20",36299.4350282486
"127",371,2,19,28,"9/26/20",23361.581920904
"128",371,3,19,28,"9/26/20",21468.9265536723
"129",371,1,7,15,"9/27/20",311016.949152542
"130",371,2,7,15,"9/27/20",274051.654560129
"131",371,3,7,15,"9/27/20",216018.610834164
"132",371,1,9,17.5,"9/27/20",469444.444444444
"133",371,2,9,17.5,"9/27/20",457344.632768362
"134",371,3,9,17.5,"9/27/20",365277.141548328
"135",371,1,11,19.6,"9/27/20",308108.108108108
"136",371,2,11,19.6,"9/27/20",295480.225988701
"137",371,3,11,19.6,"9/27/20",323550.401427297
"138",371,1,13,21.9,"9/27/20",375496.368038741
"139",371,2,13,21.9,"9/27/20",333944.113605131
"140",371,3,13,21.9,"9/27/20",335451.97740113
"141",371,1,15,23.8,"9/27/20",370087.036188731
"142",371,2,15,23.8,"9/27/20",375706.214689266
"143",371,3,15,23.8,"9/27/20",494479.418886199
"144",371,1,17,25.7,"9/27/20",266987.673343606
"145",371,2,17,25.7,"9/27/20",264105.461393597
"146",371,3,17,25.7,"9/27/20",279306.267244777
"147",371,1,19,28,"9/27/20",36299.4350282486
"148",371,2,19,28,"9/27/20",23361.581920904
"149",371,3,19,28,"9/27/20",21468.9265536723
"150",371,1,5,12,"9/27/20",27118.6440677966
"151",371,2,5,12,"9/27/20",180987.472365512
"152",371,3,5,12,"9/27/20",145966.101694915
"153",371,1,5,12,"9/28/20",25338.9830508475
"154",371,2,5,12,"9/28/20",206625.577812018
"155",371,3,5,12,"9/28/20",176346.516007533
"156",371,1,7,15,"9/28/20",374818.401937046
"157",371,2,7,15,"9/28/20",307329.363261567
"158",371,3,7,15,"9/28/20",264564.446196295
"159",371,1,9,17.5,"9/28/20",491884.951206985
"160",371,2,9,17.5,"9/28/20",460518.444666002
"161",371,3,9,17.5,"9/28/20",349614.791987673
"162",371,1,11,19.6,"9/28/20",287188.434695912
"163",371,2,11,19.6,"9/28/20",312263.210368893
"164",371,3,11,19.6,"9/28/20",336877.247046739
"165",371,1,13,21.9,"9/28/20",392090.395480226
"166",371,2,13,21.9,"9/28/20",306929.212362911
"167",371,3,13,21.9,"9/28/20",381201.848998459
"168",371,1,15,23.8,"9/28/20",393519.441674975
"169",371,2,15,23.8,"9/28/20",388434.695912263
"170",371,3,15,23.8,"9/28/20",485907.99031477
"171",371,1,17,25.7,"9/28/20",276575.401999131
"172",371,2,17,25.7,"9/28/20",250686.037126715
"173",371,3,17,25.7,"9/28/20",291837.644959857
"174",371,1,19,28,"9/28/20",89887.0056497175
"175",371,2,19,28,"9/28/20",48220.3389830509
"176",371,3,19,28,"9/28/20",44293.7853107345
"177",371,1,19,28,"9/27/20",134858.757062147
"178",371,2,19,28,"9/27/20",72768.3615819209
"179",371,3,19,28,"9/27/20",61977.4011299435
"180",379,1,3,12.8,"5/17/21",559806.295399516
"181",379,2,3,12.8,"5/17/21",615690.072639225
"182",379,3,3,12.8,"5/17/21",547363.465160075
"183",379,1,3,12.8,"5/19/21",876112.288135593
"184",379,2,3,12.8,"5/19/21",960666.277030976
"185",379,3,3,12.8,"5/19/21",841949.152542373
"186",379,1,3,12.8,"5/20/21",1030976.03740503
"187",379,2,3,12.8,"5/20/21",1187106.53753027
"188",379,3,3,12.8,"5/20/21",1129721.5496368
"189",379,1,6,16.7,"5/15/21",624722.384570427
"190",379,2,6,16.7,"5/15/21",652080.123266564
"191",379,3,6,16.7,"5/15/21",686440.677966102
"192",379,1,6,16.7,"5/17/21",1119460.13810421
"193",379,2,6,16.7,"5/17/21",1317576.89893283
"194",379,3,6,16.7,"5/17/21",1267796.61016949
"195",379,1,6,16.7,"5/19/21",1897175.14124294
"196",379,2,6,16.7,"5/19/21",2289924.67043315
"197",379,3,6,16.7,"5/19/21",2181355.93220339
"198",379,1,9,20.1,"5/13/21",667745.249101181
"199",379,2,9,20.1,"5/13/21",666749.750747757
"200",379,3,9,20.1,"5/13/21",656610.169491525
"201",379,1,9,20.1,"5/15/21",1184921.09877265
"202",379,2,9,20.1,"5/15/21",1119300.16402406
"203",379,3,9,20.1,"5/15/21",1055221.43247676
"204",379,1,9,20.1,"5/17/21",2063983.05084746
"205",379,2,9,20.1,"5/17/21",2182069.58073149
"206",379,3,9,20.1,"5/17/21",2066694.91525424
"207",379,1,12,23,"5/13/21",535965.274906986
"208",379,2,12,23,"5/13/21",505828.854898718
"209",379,3,12,23,"5/13/21",540927.218344965
"210",379,1,12,23,"5/15/21",770217.917675545
"211",379,2,12,23,"5/15/21",869591.226321037
"212",379,3,12,23,"5/15/21",952913.13559322
"213",379,1,12,23,"5/17/21",1540286.83181226
"214",379,2,12,23,"5/17/21",1547327.24902216
"215",379,3,12,23,"5/17/21",1703601.69491525
"216",379,1,12,23,"5/19/21",2070932.20338983
"217",379,2,12,23,"5/19/21",2185994.64763604
"218",379,3,12,23,"5/19/21",2194201.60570919
"219",379,1,15,25.9,"5/15/21",301215.917464996
"220",379,2,15,25.9,"5/15/21",240045.963803505
"221",379,3,15,25.9,"5/15/21",276860.722181282
"222",379,1,15,25.9,"5/17/21",477650.76862436
"223",379,2,15,25.9,"5/17/21",385078.099036225
"224",379,3,15,25.9,"5/17/21",472052.730696798
"225",379,1,15,25.9,"5/19/21",825731.895223421
"226",379,2,15,25.9,"5/19/21",794366.899302094
"227",379,3,15,25.9,"5/19/21",781403.013182674
"228",379,1,15,25.9,"5/20/21",921840.1937046
"229",379,2,15,25.9,"5/20/21",784311.169056932
"230",379,3,15,25.9,"5/20/21",1018644.06779661
"231",379,1,15,25.9,"5/21/21",1197853.10734463
"232",379,2,15,25.9,"5/21/21",992572.283150548
"233",379,3,15,25.9,"5/21/21",1204745.76271186
"234",379,1,18,28.6,"4/26/21",8446.32768361582
"235",379,2,18,28.6,"4/26/21",7118.64406779661
"236",379,3,18,28.6,"4/26/21",7344.63276836158
"237",379,1,18,28.6,"4/28/21",14435.0282485876
"238",379,2,18,28.6,"4/28/21",11610.1694915254
"239",379,3,18,28.6,"4/28/21",10734.4632768362
"240",379,1,18,28.6,"5/3/21",26271.186440678
"241",379,2,18,28.6,"5/3/21",19293.7853107345
"242",379,3,18,28.6,"5/3/21",18107.3446327684
"243",379,1,18,28.6,"5/12/21",36638.418079096
"244",379,2,18,28.6,"5/12/21",29435.0282485876
"245",379,3,18,28.6,"5/12/21",24632.7683615819
"246",379,1,18,28.6,"5/24/21",60508.4745762712
"247",379,2,18,28.6,"5/24/21",45480.2259887006
"248",379,3,18,28.6,"5/24/21",41129.9435028249
"249",379,1,18,28.6,"5/26/21",40847.4576271187
"250",379,2,18,28.6,"5/26/21",37824.8587570621
"251",379,3,18,28.6,"5/26/21",40819.209039548
"252",379,1,20,30.3,"4/26/21",7796.61016949153
"253",379,2,20,30.3,"4/26/21",9378.53107344633
"254",379,3,20,30.3,"4/26/21",9858.75706214689
"255",379,1,20,30.3,"4/28/21",10847.4576271186
"256",379,2,20,30.3,"4/28/21",10564.9717514124
"257",379,3,20,30.3,"4/28/21",10677.9661016949
"258",379,1,20,30.3,"5/3/21",22711.8644067797
"259",379,2,20,30.3,"5/3/21",21497.1751412429
"260",379,3,20,30.3,"5/3/21",20225.988700565
"261",379,1,20,30.3,"5/12/21",53474.5762711864
"262",379,2,20,30.3,"5/12/21",3644.06779661017
"263",379,3,20,30.3,"5/12/21",39378.5310734463
"264",379,1,20,30.3,"5/24/21",66949.1525423729
"265",379,2,20,30.3,"5/24/21",46751.4124293785
"266",379,3,20,30.3,"5/24/21",49353.6340132146
"267",379,1,20,30.3,"5/26/21",42824.8587570621
"268",379,2,20,30.3,"5/26/21",43022.5988700565
"269",379,3,20,30.3,"5/26/21",36214.6892655367
"270",1212,1,6,17,"2022-11-21",1018.00720288115
"271",1212,2,6,17,"2022-11-21",499.120141043992
"272",1212,3,6,17,"2022-11-21",1160.35761681725
"273",1212,1,6,17,"2022-11-22",708.066214362498
"274",1212,2,6,17,"2022-11-22",741.703381177447
"275",1212,3,6,17,"2022-11-22",1799.27263082662
"276",1212,1,6,17,"2022-11-23",3025.88175846231
"277",1212,2,6,17,"2022-11-23",1880.24622472652
"278",1212,3,6,17,"2022-11-23",2654.40252129156
"279",1212,1,6,17,"2022-11-26",8931.34859109478
"280",1212,2,6,17,"2022-11-26",11829.9706877621
"281",1212,3,6,17,"2022-11-26",13607.8555518814
"282",1212,1,6,17,"2022-11-28",38680.0222611984
"283",1212,2,6,17,"2022-11-28",29168.9959354235
"284",1212,3,6,17,"2022-11-28",42128.2379371592
"285",1212,1,10,20.7,"2022-11-29",7796.61565995947
"286",1212,2,10,20.7,"2022-11-29",8045.52591233004
"287",1212,3,10,20.7,"2022-11-29",8757.70038552241
"288",1212,1,10,20.7,"2022-12-01",39030.6122864409
"289",1212,2,10,20.7,"2022-12-01",30764.2913295976
"290",1212,3,10,20.7,"2022-12-01",29447.971354947
"291",1212,1,10,20.7,"2022-12-03",132394.724156391
"292",1212,2,10,20.7,"2022-12-03",194178.654903372
"293",1212,3,10,20.7,"2022-12-03",145782.67475663
"294",1212,1,13,23,"2022-11-23",3715.52422117831
"295",1212,2,13,23,"2022-11-23",1483.57135136154
"296",1212,3,13,23,"2022-11-23",3450.56403159415
"297",1212,1,13,23,"2022-11-26",19189.7654645374
"298",1212,2,13,23,"2022-11-26",10915.4985463009
"299",1212,3,13,23,"2022-11-26",28933.3333333333
"300",1212,1,13,23,"2022-11-28",152832.754610863
"301",1212,2,13,23,"2022-11-28",76535.6553650927
"302",1212,3,13,23,"2022-11-28",124693.429668678
"303",1212,1,16,25.4,"2022-12-07",2522.435122781
"304",1212,2,16,25.4,"2022-12-07",1958.16644781069
"305",1212,3,16,25.4,"2022-12-07",1147.7854888131
"306",1212,1,16,25.4,"2022-12-08",5723.95455028418
"307",1212,2,16,25.4,"2022-12-08",5056.8900203024
"308",1212,3,16,25.4,"2022-12-08",1594.77596145177
"309",1212,1,16,25.4,"2022-12-09",8511.86472971357
"310",1212,2,16,25.4,"2022-12-09",8144.84013798479
"311",1212,3,16,25.4,"2022-12-09",6897.87683514035
"312",1212,1,16,25.4,"2022-12-12",94469.1771884029
"313",1212,2,16,25.4,"2022-12-12",52673.6901831399
"314",1212,3,16,25.4,"2022-12-12",37965.3437472294
"315",1212,1,19,27.5,"2022-12-07",19553.7203104475
"316",1212,2,19,27.5,"2022-12-07",10602.8408636379
"317",1212,3,19,27.5,"2022-12-07",8499.48036052279
"318",1212,1,19,27.5,"2022-12-08",29783.7044789282
"319",1212,2,19,27.5,"2022-12-08",13246.7533185322
"320",1212,3,19,27.5,"2022-12-08",14739.0758918119
"321",1212,1,19,27.5,"2022-12-12",2191.69212314181
"322",1212,2,19,27.5,"2022-12-12",190554.349559139
"323",1212,3,19,27.5,"2022-12-12",182268.851897602
"324",3963,1,3,13,"2022-10-21",495.623581191015
"325",3963,2,3,13,"2022-10-21",1216.88426807719
"326",3963,3,3,13,"2022-10-21",552.012944102511
"327",3963,1,3,13,"2022-10-24",4620.35745535559
"328",3963,2,3,13,"2022-10-24",7799.12498612607
"329",3963,3,3,13,"2022-10-24",4165.33978594644
"330",3963,1,3,13,"2022-10-25",7047.55037339485
"331",3963,2,3,13,"2022-10-25",10068.3595373518
"332",3963,3,3,13,"2022-10-25",5692.63586809509
"333",3963,1,3,13,"2022-10-27",18794.080961888
"334",3963,2,3,13,"2022-10-27",33994.7305941822
"335",3963,3,3,13,"2022-10-27",15724.5631845101
"336",3963,1,8,18.6,"2022-12-09",8728.11162520817
"337",3963,2,8,18.6,"2022-12-09",6609.66472877212
"338",3963,3,8,18.6,"2022-12-09",11944.0303736625
"339",3963,1,8,18.6,"2022-12-12",94240.040429221
"340",3963,2,8,18.6,"2022-12-12",43378.3332073853
"341",3963,3,8,18.6,"2022-12-12",82784.8581703058
"342",3963,1,8,18.6,"2022-12-13",127955.706225905
"343",3963,2,8,18.6,"2022-12-13",79132.6020267606
"344",3963,3,8,18.6,"2022-12-13",106149.732631599
"345",3963,1,10,10,"2022-10-12",477.41052541215
"346",3963,2,10,10,"2022-10-12",305.236717789807
"347",3963,3,10,10,"2022-10-12",780.692150483728
"348",3963,1,10,10,"2022-10-13",725.825706327099
"349",3963,2,10,10,"2022-10-13",860.201350194386
"350",3963,3,10,10,"2022-10-13",1105.99078223688
"351",3963,1,10,10,"2022-10-14",475.661962143162
"352",3963,2,10,10,"2022-10-14",1028.22868600296
"353",3963,3,10,10,"2022-10-14",1506.435720633
"354",3963,1,10,10,"2022-10-15",1622.83423294567
"355",3963,2,10,10,"2022-10-15",931.88373532551
"356",3963,3,10,10,"2022-10-15",2579.03094068098
"357",3963,1,10,10,"2022-10-17",2003.33890028996
"358",3963,2,10,10,"2022-10-17",2112.87712528164
"359",3963,3,10,10,"2022-10-17",3949.43953580602
"360",3963,1,10,10,"2022-10-19",2765.59221467436
"361",3963,2,10,10,"2022-10-19",2791.80941460643
"362",3963,3,10,10,"2022-10-19",6204.00913999191
"363",3963,1,10,10,"2022-10-20",4949.48202355514
"364",3963,2,10,10,"2022-10-20",4235.6308065166
"365",3963,3,10,10,"2022-10-20",8231.31519768733
"366",3963,1,10,10,"2022-10-24",11359.8417774064
"367",3963,2,10,10,"2022-10-24",14103.450431255
"368",3963,3,10,10,"2022-10-24",23525.9692265484
"369",3963,1,14,23.8,"2022-12-07",11526.3709371306
"370",3963,2,14,23.8,"2022-12-07",8529.16693255846
"371",3963,3,14,23.8,"2022-12-07",6107.45300577984
"372",3963,1,14,23.8,"2022-12-08",22092.7833438743
"373",3963,2,14,23.8,"2022-12-08",20015.5676488804
"374",3963,3,14,23.8,"2022-12-08",11475.7495257633
"375",3963,1,14,23.8,"2022-12-09",55942.8571428571
"376",3963,2,14,23.8,"2022-12-09",43970.2533373548
"377",3963,3,14,23.8,"2022-12-09",32066.1896038144
"378",3963,1,14,23.8,"2022-12-12",290673.36157101
"379",3963,2,14,23.8,"2022-12-12",272430.270001132
"380",3963,3,14,23.8,"2022-12-12",202623.324629018
"381",3963,2,18,27,"2022-12-09",3733.8578405241
"382",3963,1,18,27,"2022-12-09",2311.35282145981
"383",3963,3,18,27,"2022-12-09",2371.04625282987
"384",3963,2,18,27,"2022-12-12",4995.14092431039
"385",3963,1,18,27,"2022-12-12",35134.4463524573
"386",3963,3,18,27,"2022-12-12",17502.5243800852
"387",3963,1,18,27,"2022-12-13",57410.5051368342
"388",3963,2,18,27,"2022-12-13",21663.6285346762
"389",3963,3,18,27,"2022-12-13",31950.4284365248
"390",3963,1,18,27,"2022-12-14",153005.430151029
"391",3963,2,18,27,"2022-12-14",72668.3197645507
"392",3963,3,18,27,"2022-12-14",89382.0242510636
"393",3963,1,18,27,"2022-12-15",166048.774037091
"394",3963,2,18,27,"2022-12-15",126666.666666667
"395",3963,3,18,27,"2022-12-15",143311.161542446
"396",3963,1,20,28,"2022-12-21",2218.32854052801
"397",3963,2,20,28,"2022-12-21",2253.08341651318
"398",3963,3,20,28,"2022-12-21",1279.46459103618
"399",3963,1,20,28,"2022-12-22",5222.25076857257
"400",3963,2,20,28,"2022-12-22",5115.19132945081
"401",3963,3,20,28,"2022-12-22",4508.69884586304
"402",3963,1,20,28,"2022-12-23",18051.1512834827
"403",3963,2,20,28,"2022-12-23",24440.5041922149
"404",3963,3,20,28,"2022-12-23",12577.1131369167
"405",3963,1,20,28,"2022-12-28",112680.899818432
"406",3963,2,20,28,"2022-12-28",137436.288242867
"407",3963,3,20,28,"2022-12-28",132484.199111702
"408",1516,1,6,17,"2023-01-24_2",11112.3507907808
"409",1516,2,6,17,"2023-01-24_2",8311.80573316045
"410",1516,3,6,17,"2023-01-24_2",10665.6286296482
"411",1516,1,6,17,"2023-01-25",11289.7577115577
"412",1516,2,6,17,"2023-01-25",7947.14668878632
"413",1516,3,6,17,"2023-01-25",8478.39640466109
"414",1516,1,6,17,"2023-01-26",12473.0976905362
"415",1516,2,6,17,"2023-01-26",11415.7806501253
"416",1516,3,6,17,"2023-01-26",16450.2164678238
"417",1516,1,6,17,"2023-01-27",26416.5463741343
"418",1516,2,6,17,"2023-01-27",28960.527404668
"419",1516,3,6,17,"2023-01-27",39453.0502502525
"420",1516,1,6,17,"2023-01-30",151115.874639442
"421",1516,2,6,17,"2023-01-30",174583.234946871
"422",1516,3,6,17,"2023-01-30",177712.889236879
"423",1516,1,2,12,"2023-01-24",3835.94924292588
"424",1516,2,2,12,"2023-01-24",2543.45061106838
"425",1516,3,2,12,"2023-01-24",3283.99552277066
"426",1516,1,2,12,"2023-01-25",8326.0395631879
"427",1516,2,2,12,"2023-01-25",6704.33744528452
"428",1516,3,2,12,"2023-01-25",7916.19639976789
"429",1516,1,2,12,"2023-01-26",8730.69172451088
"430",1516,2,2,12,"2023-01-26",8164.17151537476
"431",1516,3,2,12,"2023-01-26",9772.23812585528
"432",1516,1,2,12,"2023-01-27",19396.9418829887
"433",1516,2,2,12,"2023-01-27",14974.5298721588
"434",1516,3,2,12,"2023-01-27",18759.0840513846
"435",1516,1,2,12,"2023-01-30",44242.0962097592
"436",1516,2,2,12,"2023-01-30",38836.7460346963
"437",1516,3,2,12,"2023-01-30",39764.656891483
"438",1516,1,10,20.5,"2023-01-09_2",10528.3234655189
"439",1516,2,10,20.5,"2023-01-09_2",9207.6082557669
"440",1516,3,10,20.5,"2023-01-09_2",10034.3752337549
"441",1516,1,10,20.5,"2023-01-10",9091.49277688603
"442",1516,2,10,20.5,"2023-01-10",10898.1803880773
"443",1516,3,10,20.5,"2023-01-10",8361.41636141636
"444",1516,1,10,20.5,"2023-01-11",29055.3641224316
"445",1516,2,10,20.5,"2023-01-11",12485.1022641853
"446",1516,3,10,20.5,"2023-01-11",34082.1812705224
"447",1516,1,10,20.5,"2023-01-12",59100.7652117649
"448",1516,2,10,20.5,"2023-01-12",56463.1899652587
"449",1516,3,10,20.5,"2023-01-12",58452.3941278653
"450",1516,1,10,20.5,"2023-01-13",172683.622807889
"451",1516,2,10,20.5,"2023-01-13",120727.019707288
"452",1516,3,10,20.5,"2023-01-13",117394.621561892
"453",1516,1,8,18.6,"2023-01-09_2",10251.4129754801
"454",1516,2,8,18.6,"2023-01-09_2",7797.39454069456
"455",1516,1,8,18.6,"2023-01-10",12736.007151396
"456",1516,2,8,18.6,"2023-01-10",6445.9736428119
"457",1516,1,8,18.6,"2023-01-11",11049.3331368541
"458",1516,2,8,18.6,"2023-01-11",19644.8496556115
"459",1516,1,8,18.6,"2023-01-12",62535.3725571867
"460",1516,2,8,18.6,"2023-01-12",34692.9713564578
"461",1516,1,8,18.6,"2023-01-13",129216.569621276
"462",1516,2,8,18.6,"2023-01-13",96727.5361961618
"463",1516,1,16,25.4,"2023-01-23_2",5235.34829100542
"464",1516,2,16,25.4,"2023-01-23_2",16482.7741623547
"465",1516,3,16,25.4,"2023-01-23_2",8945.29081957433
"466",1516,1,16,25.4,"2023-01-24",4251.75926800604
"467",1516,2,16,25.4,"2023-01-24",9592.32612028512
"468",1516,3,16,25.4,"2023-01-24",10143.3581844746
"469",1516,1,16,25.4,"2023-01-25",15362.9766769378
"470",1516,2,16,25.4,"2023-01-25",40746.2829082109
"471",1516,3,16,25.4,"2023-01-25",47348.7629688747
"472",1516,1,16,25.4,"2023-01-26",20604.3955912137
"473",1516,2,16,25.4,"2023-01-26",86678.2255153234
"474",1516,3,16,25.4,"2023-01-26",68018.1255193688
"475",1516,1,16,25.4,"2023-01-27",92152.1564065902
"476",1516,2,16,25.4,"2023-01-27",237378.756344599
"477",1516,3,16,25.4,"2023-01-27",234894.509828697
"478",1516,1,18,27,"2023-01-13",6048.13225193476
"479",1516,2,18,27,"2023-01-13",5269.95608256327
"480",1516,3,18,27,"2023-01-13",4277.86498561274
"481",1516,1,18,27,"2023-01-16",80498.8915893669
"482",1516,2,18,27,"2023-01-16",56154.9981935905
"483",1516,3,18,27,"2023-01-16",44379.2080344786
"484",1516,1,18,27,"2023-01-18",140517.720268193
"485",1516,2,18,27,"2023-01-18",113497.934443382
"486",1516,3,18,27,"2023-01-18",147248.360702306
"487",1516,1,20,28,"2023-02-07",61525.7391467348
"488",1516,2,20,28,"2023-02-07",53063.500859814
"489",1516,3,20,28,"2023-02-07",37718.1207651333
"490",1516,1,20,28,"2023-02-08",21957.8789308507
"491",1516,2,20,28,"2023-02-08",32805.5347516898
"492",1516,3,20,28,"2023-02-08",26626.5079315271
"493",1516,1,20,28,"2023-02-09",36292.1401692868
"494",1516,2,20,28,"2023-02-09",55806.3691664219
"495",1516,3,20,28,"2023-02-09",36564.7780499849
"496",1516,1,20,28,"2023-02-10",122010.981712461
"497",1516,2,20,28,"2023-02-10",183593.490689772
"498",1516,3,20,28,"2023-02-10",101849.525109992
"499",1516,1,20,28,"2023-02-11",176986.249063877
"500",1516,2,20,28,"2023-02-11",357698.683180904
"501",1516,3,20,28,"2023-02-11",144126.420064869
"502",1516,1,12,22,"2023-01-30_2",8619.42089725971
"503",1516,2,12,22,"2023-01-30_2",12633.406181496
"504",1516,3,12,22,"2023-01-30_2",9791.54712948585
"505",1516,1,12,22,"2023-02-01",28069.3899942321
"506",1516,2,12,22,"2023-02-01",27178.6440045337
"507",1516,3,12,22,"2023-02-01",27632.4614971384
"508",1516,1,12,22,"2023-02-02",44866.9687009047
"509",1516,2,12,22,"2023-02-02",61805.8785451853
"510",1516,3,12,22,"2023-02-02",42919.386505682
"511",1516,1,12,22,"2023-02-03",203259.316143797
"512",1516,2,12,22,"2023-02-03",195866.70647376
"513",1516,3,12,22,"2023-02-03",186472.537632329
"514",1516,1,12,22,"2023-02-06",414141.147809266
"515",1516,2,12,22,"2023-02-06",614213.146620459
"516",1516,3,12,22,"2023-02-06",359761.095705113
"517",2090,3,19,27.5,"2023-01-26_2",17385.1725812263
"518",2090,3,19,27.5,"2023-01-27",16475.0529912502
"519",2090,3,19,27.5,"2023-01-30",90310.8908359968
"520",2090,1,19,27.5,"2023-01-30_2",15650.5101790948
"521",2090,2,19,27.5,"2023-01-30_2",16322.8899872637
"522",2090,1,19,27.5,"2023-01-31",30378.7818468355
"523",2090,2,19,27.5,"2023-01-31",29246.8459066091
"524",2090,1,19,27.5,"2023-02-01",66390.199660155
"525",2090,2,19,27.5,"2023-02-01",63774.0937912063
"526",2090,1,19,27.5,"2023-02-02",143537.566540657
"527",2090,2,19,27.5,"2023-02-02",120822.140070243
"528",2090,1,17,25.9,"2023-01-16_2",8779.87864239727
"529",2090,2,17,25.9,"2023-01-16_2",9832.70739479872
"530",2090,3,17,25.9,"2023-01-16_2",8885.25661011516
"531",2090,1,17,25.9,"2023-01-18",19629.0793930246
"532",2090,2,17,25.9,"2023-01-18",24949.5161440705
"533",2090,3,17,25.9,"2023-01-18",15640.5187607713
"534",2090,1,17,25.9,"2023-01-20",95153.4297360783
"535",2090,2,17,25.9,"2023-01-20",117296.235462806
"536",2090,3,17,25.9,"2023-01-20",89936.9466626142
"537",2090,1,17,25.9,"2023-01-23",216840.869960396
"538",2090,2,17,25.9,"2023-01-23",202524.828408091
"539",2090,3,17,25.9,"2023-01-23",166873.659881363
"540",2090,1,15,24.4,"2023-01-10_2",7382.18381098512
"541",2090,2,15,24.4,"2023-01-10_2",10746.727749981
"542",2090,3,15,24.4,"2023-01-10_2",9711.80042859
"543",2090,1,15,24.4,"2023-01-11",15068.0962023795
"544",2090,2,15,24.4,"2023-01-11",13859.9389816313
"545",2090,3,15,24.4,"2023-01-11",8285.93856930555
"546",2090,1,15,24.4,"2023-01-12",24618.5310468555
"547",2090,2,15,24.4,"2023-01-12",32174.7203256991
"548",2090,3,15,24.4,"2023-01-12",24268.6752448677
"549",2090,1,15,24.4,"2023-01-13",66792.0917300976
"550",2090,2,15,24.4,"2023-01-13",59147.7572728968
"551",2090,3,15,24.4,"2023-01-13",52236.1701334042
"552",2090,1,15,24.4,"2023-01-16",157290.328452493
"553",2090,2,15,24.4,"2023-01-16",160404.774827065
"554",2090,3,15,24.4,"2023-01-16",149620.458664168
"555",2090,1,13,22.9,"2023-01-23_2",1285.18678532193
"556",2090,2,13,22.9,"2023-01-23_2",1458.55279387494
"557",2090,3,13,22.9,"2023-01-23_2",2568.87929965041
"558",2090,1,13,22.9,"2023-01-24",1886.60896400954
"559",2090,2,13,22.9,"2023-01-24",2445.09847890998
"560",2090,3,13,22.9,"2023-01-24",4136.29316292896
"561",2090,1,13,22.9,"2023-01-25",7856.09987255236
"562",2090,2,13,22.9,"2023-01-25",8203.90155264392
"563",2090,3,13,22.9,"2023-01-25",11641.8773416058
"564",2090,1,13,22.9,"2023-01-26",13682.8133362771
"565",2090,2,13,22.9,"2023-01-26",12367.1683587902
"566",2090,3,13,22.9,"2023-01-26",26735.5134512133
"567",2090,1,13,22.9,"2023-01-27",32217.345312762
"568",2090,2,13,22.9,"2023-01-27",39358.4050303013
"569",2090,3,13,22.9,"2023-01-27",66503.2916636264
"570",2090,1,13,22.9,"2023-01-30",196588.202054306
"571",2090,2,13,22.9,"2023-01-30",172874.262649756
"572",2090,3,13,22.9,"2023-01-30",234607.511856342
"573",2090,1,11,21.4,"2023-01-23_2",2062.38555554937
"574",2090,2,11,21.4,"2023-01-23_2",1841.44213875819
"575",2090,3,11,21.4,"2023-01-23_2",780.72900426794
"576",2090,1,11,21.4,"2023-01-24",4256.21099847186
"577",2090,2,11,21.4,"2023-01-24",2906.55428679413
"578",2090,3,11,21.4,"2023-01-24",1150.00406012531
"579",2090,1,11,21.4,"2023-01-25",11946.3087439478
"580",2090,2,11,21.4,"2023-01-25",8968.86879371146
"581",2090,3,11,21.4,"2023-01-25",3611.25863062192
"582",2090,1,11,21.4,"2023-01-26",20755.4100897732
"583",2090,2,11,21.4,"2023-01-26",18137.2313566705
"584",2090,3,11,21.4,"2023-01-26",7210.7778030539
"585",2090,1,11,21.4,"2023-01-27",46857.5251716219
"586",2090,2,11,21.4,"2023-01-27",42074.9556390307
"587",2090,3,11,21.4,"2023-01-27",18251.0979035831
"588",2090,1,11,21.4,"2023-01-30",243600.018852942
"589",2090,2,11,21.4,"2023-01-30",226624.385243488
"590",2090,3,11,21.4,"2023-01-30",137093.371923526
"591",2090,1,9,19.6,"2022-12-05_2",6665.39343080749
"592",2090,2,9,19.6,"2022-12-05_2",19325.0218272843
"593",2090,3,9,19.6,"2022-12-05_2",16885.8570724776
"594",2090,1,9,19.6,"2022-12-06",9522.75354598344
"595",2090,2,9,19.6,"2022-12-06",16696.8455496967
"596",2090,3,9,19.6,"2022-12-06",16490.8489946507
"597",2090,1,9,19.6,"2022-12-07",23441.5945242206
"598",2090,2,9,19.6,"2022-12-07",31038.0721328835
"599",2090,3,9,19.6,"2022-12-07",28278.6494059501
"600",2090,1,9,19.6,"2022-12-08",32309.7462872991
"601",2090,2,9,19.6,"2022-12-08",54750.5353008648
"602",2090,3,9,19.6,"2022-12-08",33824.8131195868
"603",2090,1,9,19.6,"2022-12-09",101514.022393463
"604",2090,2,9,19.6,"2022-12-09",119746.6385027
"605",2090,3,9,19.6,"2022-12-09",123446.06820402
"606",2090,1,9,19.6,"2022-12-12",1439.70177373706
"607",2090,2,9,19.6,"2022-12-12",526121.371811017
"608",2090,3,9,19.6,"2022-12-12",612609.459394951
"609",2090,1,3,12.6,"2023-01-23_2",6439.72457503099
"610",2090,2,3,12.6,"2023-01-23_2",6524.21041939115
"611",2090,3,3,12.6,"2023-01-23_2",6517.60306423444
"612",2090,1,3,12.6,"2023-01-24",7593.84163254465
"613",2090,2,3,12.6,"2023-01-24",5816.08339149544
"614",2090,3,3,12.6,"2023-01-24",5065.15309518164
"615",2090,1,3,12.6,"2023-01-25",19957.0713305076
"616",2090,2,3,12.6,"2023-01-25",14596.5133783578
"617",2090,3,3,12.6,"2023-01-25",15715.5681145639
"618",2090,1,3,12.6,"2023-01-26",17362.759920977
"619",2090,2,3,12.6,"2023-01-26",18148.1008014559
"620",2090,3,3,12.6,"2023-01-26",19154.4600563068
"621",2090,1,3,12.6,"2023-01-27",34922.4106765514
"622",2090,2,3,12.6,"2023-01-27",28129.2058948592
"623",2090,3,3,12.6,"2023-01-27",35167.2921636375
"624",2090,1,3,12.6,"2023-01-30",116910.785767636
"625",2090,2,3,12.6,"2023-01-30",62857.7786481047
"626",2090,3,3,12.6,"2023-01-30",84745.3834144594
"627",2090,1,3,12.6,"2023-02-01",234606.484877051
"628",2090,2,3,12.6,"2023-02-01",239159.309897692
"629",2090,3,3,12.6,"2023-02-01",197324.701352753
"630",2090,1,3,12.6,"2023-02-02",249463.115513708
"631",2090,2,3,12.6,"2023-02-02",261064.923636656
"632",2090,3,3,12.6,"2023-02-02",163687.49686457
"633",6071,1,4,4,"2022-10-14",9285.07482865185
"634",6071,2,4,4,"2022-10-14",5021.72246037021
"635",6071,3,4,4,"2022-10-14",7938.63853419685
"636",6071,1,4,4,"2022-10-15",11120.825333273
"637",6071,2,4,4,"2022-10-15",6179.69391336371
"638",6071,3,4,4,"2022-10-15",10851.3580251127
"639",6071,1,4,4,"2022-10-17",14982.9302511626
"640",6071,2,4,4,"2022-10-17",9374.25421619206
"641",6071,3,4,4,"2022-10-17",14293.6552355818
"642",6071,1,4,4,"2022-10-19",17532.9021043421
"643",6071,2,4,4,"2022-10-19",12369.1631113992
"644",6071,3,4,4,"2022-10-19",18399.5523419666
"645",6071,1,4,4,"2022-10-21",27544.8719611301
"646",6071,2,4,4,"2022-10-21",23036.5493061758
"647",6071,3,4,4,"2022-10-21",41148.9646264417
"648",6071,1,4,4,"2022-10-24",42281.2723314237
"649",6071,2,4,4,"2022-10-24",43822.4151858339
"650",6071,3,4,4,"2022-10-24",75719.5360925004
"651",6071,1,4,4,"2022-10-25",46803.0207923571
"652",6071,2,4,4,"2022-10-25",52207.8788001465
"653",6071,3,4,4,"2022-10-25",86861.9486074455
"654",6071,1,4,4,"2022-10-26",56069.2447888269
"655",6071,2,4,4,"2022-10-26",56312.4030121868
"656",6071,3,4,4,"2022-10-26",97266.747536582
"657",6071,1,4,4,"2022-10-27",73892.601697191
"658",6071,2,4,4,"2022-10-27",82612.2809982327
"659",6071,3,4,4,"2022-10-27",146789.398068073
"660",6071,1,4,4,"2022-10-29",77642.1080469889
"661",6071,2,4,4,"2022-10-29",111534.133094501
"662",6071,3,4,4,"2022-10-29",178389.172662719
"663",6071,1,2,12,"2022-10-21",1298.84600079586
"664",6071,2,2,12,"2022-10-21",3842.49572487187
"665",6071,3,2,12,"2022-10-21",475.820394014736
"666",6071,1,2,12,"2022-10-24",5419.53885806524
"667",6071,2,2,12,"2022-10-24",16173.2255947809
"668",6071,3,2,12,"2022-10-24",1388.00862194599
"669",6071,1,2,12,"2022-10-25",8003.18344608038
"670",6071,2,2,12,"2022-10-25",27386.6433587846
"671",6071,3,2,12,"2022-10-25",1899.90658752448
"672",6071,1,2,12,"2022-10-26",12917.620807425
"673",6071,2,2,12,"2022-10-26",35103.9482162848
"674",6071,3,2,12,"2022-10-26",1913.83070771898
"675",6071,1,2,12,"2022-10-27",16664.7511950732
"676",6071,2,2,12,"2022-10-27",60419.2081112386
"677",6071,3,2,12,"2022-10-27",3655.51817426433
"678",6071,1,2,12,"2022-10-29",47082.7971783086
"679",6071,2,2,12,"2022-10-29",189007.264049814
"680",6071,3,2,12,"2022-10-29",8841.04224936787
"681",6071,1,5,16.5,"2023-02-22",14550.7642023448
"682",6071,2,5,16.5,"2023-02-22",16520.4840801916
"683",6071,3,5,16.5,"2023-02-22",14725.7843292187
"684",6071,1,5,16.5,"2023-02-23",15955.2667829647
"685",6071,2,5,16.5,"2023-02-23",18731.5024086678
"686",6071,3,5,16.5,"2023-02-23",12205.3322721846
"687",6071,1,5,16.5,"2023-02-24",37282.6908423616
"688",6071,2,5,16.5,"2023-02-24",33911.8824668346
"689",6071,3,5,16.5,"2023-02-24",40659.5845239975
"690",6071,1,5,16.5,"2023-02-27",172307.006831753
"691",6071,2,5,16.5,"2023-02-27",133010.13663804
"692",6071,3,5,16.5,"2023-02-27",186839.383225299
"693",6071,1,5,16.5,"2023-03-01",214100.226389812
"694",6071,2,5,16.5,"2023-03-01",181362.597998884
"695",6071,3,5,16.5,"2023-03-01",311383.395896117
"696",6071,1,7,17.3,"2023-02-22",11432.3758640519
"697",6071,2,7,17.3,"2023-02-22",23327.2453444695
"698",6071,3,7,17.3,"2023-02-22",12095.2380952381
"699",6071,1,7,17.3,"2023-02-23",15586.1456615134
"700",6071,2,7,17.3,"2023-02-23",24244.7345695367
"701",6071,3,7,17.3,"2023-02-23",17538.5200907518
"702",6071,1,7,17.3,"2023-02-24",25818.3612142891
"703",6071,2,7,17.3,"2023-02-24",43647.0923267641
"704",6071,3,7,17.3,"2023-02-24",22061.2813370474
"705",6071,1,7,17.3,"2023-02-27",101423.182867162
"706",6071,2,7,17.3,"2023-02-27",143834.052012127
"707",6071,3,7,17.3,"2023-02-27",74136.9444030293
"708",6071,1,7,17.3,"2023-03-01",129615.794063669
"709",6071,2,7,17.3,"2023-03-01",246976.921950438
"710",6071,3,7,17.3,"2023-03-01",99642.976182472
"711",914,1,4,14.1,"2022-04-20",7693.4173305071
"712",914,2,4,14.1,"2022-04-20",7686.17952802975
"713",914,3,4,14.1,"2022-04-20",2538.69279751993
"714",914,1,4,14.1,"2022-04-21",6540.29344174257
"715",914,2,4,14.1,"2022-04-21",11937.1826895871
"716",914,3,4,14.1,"2022-04-21",3832.63517783854
"717",914,1,4,14.1,"2022-04-25",31446.0414349301
"718",914,2,4,14.1,"2022-04-25",39244.7547206364
"719",914,3,4,14.1,"2022-04-25",12946.3286603409
"720",914,1,4,14.1,"2022-04-26",45088.5873902634
"721",914,2,4,14.1,"2022-04-26",63646.7670370231
"722",914,3,4,14.1,"2022-04-26",30685.7142857143
"723",914,1,4,14.1,"2022-04-27",83401.7420275837
"724",914,2,4,14.1,"2022-04-27",111482.446694368
"725",914,3,4,14.1,"2022-04-27",42599.8285428906
"726",914,1,4,14.1,"2022-04-28",103056.97589962
"727",914,2,4,14.1,"2022-04-28",164800.98751931
"728",914,3,4,14.1,"2022-04-28",58406.6601992173
"729",914,1,7,17.8,"2022-05-04_3",18207.6904823007
"730",914,2,7,17.8,"2022-05-04_3",14710.424678828
"731",914,3,7,17.8,"2022-05-04_3",17941.5323807509
"732",914,1,7,17.8,"2022-05-05",16095.9505056247
"733",914,2,7,17.8,"2022-05-05",15351.812343736
"734",914,3,7,17.8,"2022-05-05",14411.8821675987
"735",914,1,7,17.8,"2022-05-06",33462.4912517699
"736",914,2,7,17.8,"2022-05-06",32816.9822634519
"737",914,3,7,17.8,"2022-05-06",31200.2302899766
"738",914,1,7,17.8,"2022-05-07",62563.775576795
"739",914,2,7,17.8,"2022-05-07",60404.3485784393
"740",914,3,7,17.8,"2022-05-07",62266.5798804799
"741",914,1,7,17.8,"2022-05-09",210057.690714034
"742",914,2,7,17.8,"2022-05-09",215549.67602633
"743",914,3,7,17.8,"2022-05-09",263263.891297664
"744",914,1,10,21,"2022-05-04_3",44247.6743991206
"745",914,2,10,21,"2022-05-04_3",35723.8477302335
"746",914,3,10,21,"2022-05-04_3",38537.0204887085
"747",914,1,10,21,"2022-05-05",50243.6693473951
"748",914,2,10,21,"2022-05-05",27651.0024246642
"749",914,3,10,21,"2022-05-05",47573.7512781724
"750",914,1,10,21,"2022-05-06",141527.121072863
"751",914,2,10,21,"2022-05-06",82075.8330316582
"752",914,3,10,21,"2022-05-06",132380.952380952
"753",914,1,10,21,"2022-05-07",255659.397842064
"754",914,2,10,21,"2022-05-07",158903.154633544
"755",914,3,10,21,"2022-05-07",237229.437753921
"756",914,1,10,21,"2022-05-09",1436240.6195262
"757",914,2,10,21,"2022-05-09",817326.027803372
"758",914,3,10,21,"2022-05-09",1044215.94214335
"759",914,1,13,24,"2022-05-04_3",32291.4669740098
"760",914,2,13,24,"2022-05-04_3",40230.7069656498
"761",914,3,13,24,"2022-05-04_3",36017.9326991972
"762",914,1,13,24,"2022-05-04_2",1617678.58749876
"763",914,2,13,24,"2022-05-04_2",1409849.56969646
"764",914,3,13,24,"2022-05-04_2",1546066.17238798
"765",914,1,13,24,"2022-05-05",37242.9623965231
"766",914,2,13,24,"2022-05-05",35845.3691444835
"767",914,3,13,24,"2022-05-05",37571.0306406685
"768",914,1,13,24,"2022-05-06",117567.374319874
"769",914,2,13,24,"2022-05-06",118315.22176488
"770",914,3,13,24,"2022-05-06",103154.07223681
"771",914,1,13,24,"2022-05-07",178313.691766405
"772",914,2,13,24,"2022-05-07",176893.835137156
"773",914,3,13,24,"2022-05-07",180296.358394017
"774",914,1,13,24,"2022-05-09",1094871.05469296
"775",914,2,13,24,"2022-05-09",901526.283121213
"776",914,3,13,24,"2022-05-09",1075166.6211446
"777",914,1,16,27.1,"2022-05-04_3",37459.9634093074
"778",914,2,16,27.1,"2022-05-04_3",34794.438226959
"779",914,3,16,27.1,"2022-05-04_3",33180.3404586766
"780",914,1,16,27.1,"2022-05-05",34477.2545889864
"781",914,2,16,27.1,"2022-05-05",39117.5439655315
"782",914,3,16,27.1,"2022-05-05",34381.4844373504
"783",914,1,16,27.1,"2022-05-06",124068.703874092
"784",914,2,16,27.1,"2022-05-06",118127.572723353
"785",914,3,16,27.1,"2022-05-06",112624.805726483
"786",914,1,16,27.1,"2022-05-07",171513.029784711
"787",914,2,16,27.1,"2022-05-07",188606.390333018
"788",914,3,16,27.1,"2022-05-07",168042.42885169
"789",914,1,16,27.1,"2022-05-09",796658.813830104
"790",914,2,16,27.1,"2022-05-09",797051.810870857
"791",914,3,16,27.1,"2022-05-09",844363.30571354
"792",914,1,19,29.5,"2022-04-26_2",27269.2625178148
"793",914,2,19,29.5,"2022-04-26_2",12729.6545886213
"794",914,3,19,29.5,"2022-04-26_2",19128.4645271831
"795",914,1,19,29.5,"2022-04-27",16530.8165588713
"796",914,2,19,29.5,"2022-04-27",12423.4750967612
"797",914,3,19,29.5,"2022-04-27",13620.0373530814
"798",914,1,19,29.5,"2022-04-28",31048.8306834379
"799",914,2,19,29.5,"2022-04-28",16467.7005694703
"800",914,3,19,29.5,"2022-04-28",18949.2921786716
"801",914,1,19,29.5,"2022-04-29",53975.673799241
"802",914,2,19,29.5,"2022-04-29",26663.2687022286
"803",914,3,19,29.5,"2022-04-29",33658.1887864732
"804",914,1,19,29.5,"2022-05-03",560300.75079803
"805",914,2,19,29.5,"2022-05-03",310299.461007105
"806",914,3,19,29.5,"2022-05-03",386057.987987234
"807",914,1,19,29.5,"2022-05-04",353618.217133858
"808",914,2,19,29.5,"2022-05-04",178013.707914821
"809",914,3,19,29.5,"2022-05-04",241421.348893303
"810",3492,1,5,15.6,"2022-02-23_2",3341.09547094702
"811",3492,2,5,15.6,"2022-02-23_2",7682.16548809411
"812",3492,3,5,15.6,"2022-02-23_2",2829.4221645859
"813",3492,1,5,15.6,"2022-02-24",2203.15912783242
"814",3492,2,5,15.6,"2022-02-24",6634.11560526953
"815",3492,3,5,15.6,"2022-02-24",2295.66215774032
"816",3492,1,5,15.6,"2022-03-01",8155.95465346108
"817",3492,2,5,15.6,"2022-03-01",16921.8065100067
"818",3492,3,5,15.6,"2022-03-01",6177.60617170886
"819",3492,1,5,15.6,"2022-03-02",11374.0469970176
"820",3492,2,5,15.6,"2022-03-02",19007.2504486225
"821",3492,3,5,15.6,"2022-03-02",8962.21159062397
"822",3492,1,5,15.6,"2022-03-03",13394.9411666069
"823",3492,2,5,15.6,"2022-03-03",19889.0801067681
"824",3492,3,5,15.6,"2022-03-03",6714.06255838707
"825",3492,1,5,15.6,"2022-03-04",20328.9958166525
"826",3492,2,5,15.6,"2022-03-04",33136.6217781549
"827",3492,3,5,15.6,"2022-03-04",13517.3244432587
"828",3492,1,5,15.6,"2022-03-07",37376.9371409443
"829",3492,2,5,15.6,"2022-03-07",49727.8496944667
"830",3492,3,5,15.6,"2022-03-07",20236.5057915138
"831",3492,1,5,15.6,"2022-03-08",37594.3428470095
"832",3492,2,5,15.6,"2022-03-08",70137.4659878113
"833",3492,3,5,15.6,"2022-03-08",22945.0255479717
"834",3492,1,5,15.6,"2022-03-09",50480.3884279406
"835",3492,2,5,15.6,"2022-03-09",86923.1129372499
"836",3492,3,5,15.6,"2022-03-09",36293.6069455406
"837",3492,1,8,19.7,"2022-04-27",18158.0207501995
"838",3492,2,8,19.7,"2022-04-27",14969.6560992861
"839",3492,3,8,19.7,"2022-04-27",19451.3953944275
"840",3492,1,8,19.7,"2022-04-28",22613.089318133
"841",3492,2,8,19.7,"2022-04-28",27123.0779220059
"842",3492,3,8,19.7,"2022-04-28",26598.6773679284
"843",3492,1,8,19.7,"2022-04-29",43837.3630718071
"844",3492,2,8,19.7,"2022-04-29",45324.1537048466
"845",3492,3,8,19.7,"2022-04-29",67008.4709547363
"846",3492,1,8,19.7,"2022-05-03",430815.527889944
"847",3492,2,8,19.7,"2022-05-03",426335.401897989
"848",3492,3,8,19.7,"2022-05-03",473989.309935682
"849",3492,1,8,19.7,"2022-05-04_2",436021.177767382
"850",3492,2,8,19.7,"2022-05-04_2",562495.735804881
"851",3492,3,8,19.7,"2022-05-04_2",586671.391503298
"852",3492,1,11,22,"2022-04-20",21144.3470846419
"853",3492,2,11,22,"2022-04-20",14148.800789802
"854",3492,3,11,22,"2022-04-20",17075.8554769078
"855",3492,1,11,22,"2022-04-21",31742.4906888465
"856",3492,2,11,22,"2022-04-21",18402.3715851536
"857",3492,3,11,22,"2022-04-21",14942.6020169597
"858",3492,1,11,22,"2022-04-25",414600.178761987
"859",3492,2,11,22,"2022-04-25",325018.58215694
"860",3492,3,11,22,"2022-04-25",193838.961038961
"861",3492,1,11,22,"2022-04-26",757109.61875595
"862",3492,2,11,22,"2022-04-26",634559.52317961
"863",3492,3,11,22,"2022-04-26",511575.12321483
"864",3492,1,14,25,"2022-05-04_3",31725.4795960345
"865",3492,2,14,25,"2022-05-04_3",26564.1872465645
"866",3492,3,14,25,"2022-05-04_3",23023.4231599165
"867",3492,1,14,25,"2022-05-05",29248.2958870413
"868",3492,2,14,25,"2022-05-05",16047.9771814086
"869",3492,3,14,25,"2022-05-05",11709.654261174
"870",3492,1,14,25,"2022-05-06",63714.2857142857
"871",3492,2,14,25,"2022-05-06",56450.1778880471
"872",3492,3,14,25,"2022-05-06",38223.4185365552
"873",3492,1,14,25,"2022-05-07",120824.135450197
"874",3492,2,14,25,"2022-05-07",57862.6367255586
"875",3492,3,14,25,"2022-05-07",27003.8947578458
"876",3492,1,14,25,"2022-05-09",471442.852532357
"877",3492,2,14,25,"2022-05-09",357741.531596409
"878",3492,3,14,25,"2022-05-09",256696.639906485
"879",3492,1,17,27.8,"2022-04-20",6255.81468683264
"880",3492,2,17,27.8,"2022-04-20",4323.01463873356
"881",3492,3,17,27.8,"2022-04-20",6514.82541723685
"882",3492,1,17,27.8,"2022-04-21",11310.9882639858
"883",3492,2,17,27.8,"2022-04-21",9118.33508597817
"884",3492,3,17,27.8,"2022-04-21",15205.5059000703
"885",3492,1,17,27.8,"2022-04-25",304751.703202614
"886",3492,2,17,27.8,"2022-04-25",176311.030608386
"887",3492,3,17,27.8,"2022-04-25",402207.234276513
"888",3492,1,17,27.8,"2022-04-26",561589.237607792
"889",3492,2,17,27.8,"2022-04-26",483178.725537173
"890",3492,3,17,27.8,"2022-04-26",756400.169969149
"891",3492,1,20,30.3,"2022-04-18",6116.95307274334
"892",3492,2,20,30.3,"2022-04-18",3163.59627938563
"893",3492,3,20,30.3,"2022-04-18",4427.68908973834
"894",3492,1,20,30.3,"2022-04-20",27187.4999565937
"895",3492,2,20,30.3,"2022-04-20",13757.3254238396
"896",3492,3,20,30.3,"2022-04-20",23787.8331004301
"897",3492,1,20,30.3,"2022-04-21",32231.3258711835
"898",3492,2,20,30.3,"2022-04-21",31037.273299719
"899",3492,3,20,30.3,"2022-04-21",42417.8762459124
"900",3492,1,20,30.3,"2022-04-25",395240.618448069
"901",3492,2,20,30.3,"2022-04-25",441003.272278504
"902",3492,3,20,30.3,"2022-04-25",474164.130193935
"903",3492,1,20,30.3,"2022-04-26",541984.390071726
"904",3492,2,20,30.3,"2022-04-26",719107.150000831
"905",3492,3,20,30.3,"2022-04-26",592585.754414048
"906",375,1,3,12.8,"2022-02-18",26135.8938914079
"907",375,2,3,12.8,"2022-02-18",24730.6163471562
"908",375,3,3,12.8,"2022-02-18",19169.8137381699
"909",375,1,3,12.8,"2022-02-21",128920.520754541
"910",375,2,3,12.8,"2022-02-21",52219.1401601375
"911",375,1,3,12.8,"2022-02-22",111851.98122302
"912",375,2,3,12.8,"2022-02-22",88829.9178932296
"913",375,3,3,12.8,"2022-02-22",43279.4976309146
"914",375,1,3,12.8,"2022-02-23",79093.0250104305
"915",375,2,3,12.8,"2022-02-23",66038.3446817567
"916",375,3,3,12.8,"2022-02-23",49780.0726133822
"917",375,1,3,12.8,"2022-02-24",144951.968071788
"918",375,2,3,12.8,"2022-02-24",105736.98143547
"919",375,3,3,12.8,"2022-02-24",56147.1381599528
"920",375,1,6,16.7,"2022-04-18",7864.04959499198
"921",375,2,6,16.7,"2022-04-18",16695.8515057554
"922",375,3,6,16.7,"2022-04-18",7543.08628147843
"923",375,1,6,16.7,"2022-04-20",11874.7510348034
"924",375,2,6,16.7,"2022-04-20",28246.3185747082
"925",375,3,6,16.7,"2022-04-20",16326.5306487946
"926",375,1,6,16.7,"2022-04-21",10320.9565797986
"927",375,2,6,16.7,"2022-04-21",32350.0758431718
"928",375,3,6,16.7,"2022-04-21",17936.846137267
"929",375,1,6,16.7,"2022-04-25",30085.0186686443
"930",375,2,6,16.7,"2022-04-25",118723.565456492
"931",375,3,6,16.7,"2022-04-25",65777.8345284558
"932",375,1,6,16.7,"2022-04-26",35697.5015090077
"933",375,2,6,16.7,"2022-04-26",116414.353934965
"934",375,3,6,16.7,"2022-04-26",101360.468344576
"935",375,1,6,16.7,"2022-04-27",58916.0588598159
"936",375,2,6,16.7,"2022-04-27",261087.866369239
"937",375,3,6,16.7,"2022-04-27",123793.677401096
"938",375,1,6,16.7,"2022-04-28",77882.2333405374
"939",375,2,6,16.7,"2022-04-28",316223.106159989
"940",375,3,6,16.7,"2022-04-28",172440.899613689
"941",375,1,9,20.1,"2022-04-27",40554.2283587571
"942",375,2,9,20.1,"2022-04-27",30709.5995069965
"943",375,3,9,20.1,"2022-04-27",26238.2864485441
"944",375,1,9,20.1,"2022-04-28",66471.914555714
"945",375,2,9,20.1,"2022-04-28",45197.5956535201
"946",375,3,9,20.1,"2022-04-28",27582.698780878
"947",375,1,9,20.1,"2022-04-29",119531.058545357
"948",375,2,9,20.1,"2022-04-29",108403.921264269
"949",375,3,9,20.1,"2022-04-29",75387.3781361995
"950",375,1,9,20.1,"2022-05-03",1105569.01917751
"951",375,2,9,20.1,"2022-05-03",886253.368788991
"952",375,3,9,20.1,"2022-05-03",748723.965239327
"953",375,1,9,20.1,"2022-05-04",1700351.43063571
"954",375,2,9,20.1,"2022-05-04",1341314.7176357
"955",375,3,9,20.1,"2022-05-04",1096282.63834179
"956",375,1,12,23,"2022-04-28_2",34692.0521117179
"957",375,2,12,23,"2022-04-28_2",45200.3698731301
"958",375,3,12,23,"2022-04-28_2",64485.8031867821
"959",375,1,12,23,"2022-04-29",28513.9021747602
"960",375,2,12,23,"2022-04-29",44293.1887591723
"961",375,3,12,23,"2022-04-29",45225.8414534575
"962",375,1,12,23,"2022-05-03",471870.397784178
"963",375,2,12,23,"2022-05-03",726455.989932397
"964",375,3,12,23,"2022-05-03",701520.279514211
"965",375,1,12,23,"2022-05-04",923406.031156721
"966",375,2,12,23,"2022-05-04",1239680.1356357
"967",375,3,12,23,"2022-05-04",1274752.3644046
"968",375,1,12,23,"2022-05-05",1348561.96745394
"969",375,2,12,23,"2022-05-05",1381411.9346855
"970",375,3,12,23,"2022-05-05",1442584.80298603
"971",375,1,12,23,"2022-05-06",1740099.9725322
"972",375,2,12,23,"2022-05-06",1702053.30831143
"973",375,3,12,23,"2022-05-06",1706878.30185421
"974",375,1,15,25.9,"2022-04-20",8520.34504830194
"975",375,2,15,25.9,"2022-04-20",9649.24977911783
"976",375,3,15,25.9,"2022-04-20",14151.4860826987
"977",375,1,15,25.9,"2022-04-21",12345.4805733733
"978",375,2,15,25.9,"2022-04-21",23349.5215356302
"979",375,3,15,25.9,"2022-04-21",26468.0497055858
"980",375,1,15,25.9,"2022-04-25",326902.69186049
"981",375,2,15,25.9,"2022-04-25",290363.956823431
"982",375,3,15,25.9,"2022-04-25",410436.91009873
"983",375,1,15,25.9,"2022-04-26",700944.047939548
"984",375,2,15,25.9,"2022-04-26",538219.294705697
"985",375,3,15,25.9,"2022-04-26",942348.746985935
"986",375,1,18,28.6,"2022-04-18",20058.1255254306
"987",375,2,18,28.6,"2022-04-18",12564.6403328836
"988",375,3,18,28.6,"2022-04-18",13395.8687953908
"989",375,1,18,28.6,"2022-04-20",42800
"990",375,2,18,28.6,"2022-04-20",31106.4519829966
"991",375,3,18,28.6,"2022-04-20",30098.7314821317
"992",375,1,18,28.6,"2022-04-21",68070.8792901109
"993",375,2,18,28.6,"2022-04-21",51796.6404151251
"994",375,3,18,28.6,"2022-04-21",53456.6327099588
"995",375,1,18,28.6,"2022-04-25",522845.256162736
"996",375,2,18,28.6,"2022-04-25",395396.955778012
"997",375,3,18,28.6,"2022-04-25",353139.60521228
"998",375,1,18,28.6,"2022-04-26",779748.278948192
"999",375,2,18,28.6,"2022-04-26",644733.044991826
"1000",375,3,18,28.6,"2022-04-26",643104.463802449
"1001",874,1,1,7.8,"5/19/21",171817.106819078
"1002",874,2,1,7.8,"5/19/21",182378.262039279
"1003",874,3,1,7.8,"5/19/21",220150.65913371
"1004",874,1,1,7.8,"5/20/21",186955.205811138
"1005",874,2,1,7.8,"5/20/21",207723.97094431
"1006",874,3,1,7.8,"5/20/21",215222.257755037
"1007",874,1,1,7.8,"5/21/21",228562.460765851
"1008",874,2,1,7.8,"5/21/21",213182.674199623
"1009",874,3,1,7.8,"5/21/21",223867.741039178
"1010",874,1,1,7.8,"5/24/21",234300.488365412
"1011",874,2,1,7.8,"5/24/21",303416.733925209
"1012",874,3,1,7.8,"5/24/21",263964.627855564
"1013",874,1,1,7.8,"5/25/21",239693.821760525
"1014",874,2,1,7.8,"5/25/21",260622.24286046
"1015",874,3,1,7.8,"5/25/21",307946.651847736
"1016",874,1,1,7.8,"5/26/21",280480.225988701
"1017",874,2,1,7.8,"5/26/21",272269.303201507
"1018",874,3,1,7.8,"5/26/21",349306.625577812
"1019",874,1,4,11,"5/5/21",300236.499802917
"1020",874,2,4,11,"5/5/21",258474.576271186
"1021",874,3,4,11,"5/5/21",366101.694915254
"1022",874,1,4,11,"5/7/21",592542.372881356
"1023",874,2,4,11,"5/7/21",598261.625380269
"1024",874,3,4,11,"5/7/21",640330.291177749
"1025",874,1,4,11,"5/8/21",847058.823529412
"1026",874,2,4,11,"5/8/21",803595.274781715
"1027",874,3,4,11,"5/8/21",964036.016949153
"1028",874,1,4,11,"5/10/21",1539593.22033898
"1029",874,2,4,11,"5/10/21",1476140.8083442
"1030",874,3,4,11,"5/10/21",1674788.13559322
"1031",874,1,4,11,"5/12/21",1954963.68038741
"1032",874,2,4,11,"5/12/21",1953107.34463277
"1033",874,3,4,11,"5/12/21",2175111.50758252
"1034",874,1,7,14,"5/5/21",438035.892323031
"1035",874,2,7,14,"5/5/21",521777.092963534
"1036",874,3,7,14,"5/5/21",467082.961641392
"1037",874,1,7,14,"5/7/21",983615.81920904
"1038",874,2,7,14,"5/7/21",976763.258611263
"1039",874,3,7,14,"5/7/21",971032.357473035
"1040",874,1,7,14,"5/8/21",1299309.4789705
"1041",874,2,7,14,"5/8/21",1418904.82398957
"1042",874,3,7,14,"5/8/21",1353268.76513317
"1043",874,1,7,14,"5/10/21",2020084.74576271
"1044",874,2,7,14,"5/10/21",2168331.84656557
"1045",874,3,7,14,"5/10/21",2059745.76271186
"1046",874,1,7,14,"5/12/21",2297363.46516008
"1047",874,2,7,14,"5/12/21",2302165.72504708
"1048",874,3,7,14,"5/12/21",2320809.79284369
"1049",874,1,10,20,"5/5/21",548236.371965186
"1050",874,2,10,20,"5/5/21",422816.166883964
"1051",874,3,10,20,"5/5/21",570407.695831425
"1052",874,1,10,20,"5/7/21",1303272.93980129
"1053",874,2,10,20,"5/7/21",1138928.37616184
"1054",874,3,10,20,"5/7/21",1144173.72881356
"1055",874,1,10,20,"5/8/21",1793220.33898305
"1056",874,2,10,20,"5/8/21",1564732.72490222
"1057",874,3,10,20,"5/8/21",1511424.98430634
"1058",874,1,10,20,"5/10/21",2422333.00099701
"1059",874,2,10,20,"5/10/21",2296704.33145009
"1060",874,3,10,20,"5/10/21",2301129.94350282
"1061",874,1,13,23,"4/27/21",446393.378005518
"1062",874,2,13,23,"4/27/21",435932.203389831
"1063",874,3,13,23,"4/27/21",444977.263331955
"1064",874,1,13,23,"4/28/21",646093.427035965
"1065",874,2,13,23,"4/28/21",607382.297551789
"1066",874,3,13,23,"4/28/21",596720.707442889
"1067",874,1,13,23,"4/29/21",1007570.62146893
"1068",874,2,13,23,"4/29/21",890013.742556115
"1069",874,3,13,23,"4/29/21",1068802.96610169
"1070",874,1,13,23,"5/1/21",1901049.23325262
"1071",874,2,13,23,"5/1/21",1785851.1422255
"1072",874,3,13,23,"5/1/21",1753574.06042741
"1073",874,1,13,23,"5/3/21",1454779.66101695
"1074",874,2,13,23,"5/3/21",1454779.66101695
"1075",874,3,13,23,"5/3/21",1454779.66101695
"1076",874,1,13,23,"5/4/21",2330508.47457627
"1077",874,2,13,23,"5/4/21",257118.644067797
"1078",874,3,13,23,"5/4/21",300779.661016949
"1079",874,1,16,26,"5/5/21",298651.771956857
"1080",874,2,16,26,"5/5/21",277314.211212516
"1081",874,3,16,26,"5/5/21",316862.233811386
"1082",874,1,16,26,"5/7/21",641646.489104116
"1083",874,2,16,26,"5/7/21",550456.323337679
"1084",874,3,16,26,"5/7/21",642143.838754008
"1085",874,1,16,26,"5/8/21",1052074.8100526
"1086",874,2,16,26,"5/8/21",932531.437944232
"1087",874,3,16,26,"5/8/21",917723.97094431
"1088",874,1,16,26,"5/10/21",1288077.14786674
"1089",874,2,16,26,"5/10/21",1363590.70935342
"1090",874,3,16,26,"5/10/21",1297603.74050263
"1091",874,1,16,26,"5/12/21",1418709.25684485
"1092",874,2,16,26,"5/12/21",1477118.6440678
"1093",874,3,16,26,"5/12/21",1583322.03389831
"1094",874,1,19,28,"4/12/21",549905.838041431
"1095",874,2,19,28,"4/12/21",584695.91226321
"1096",874,3,19,28,"4/12/21",630998.116760829
"1097",874,1,19,28,"5/21/21",38615.8192090396
"1098",874,2,19,28,"5/21/21",28728.813559322
"1099",874,3,19,28,"5/21/21",26610.1694915254
